-- MySQL dump 10.13  Distrib 8.0.26, for Linux (x86_64)
--
-- Host: localhost    Database: notesdb
-- ------------------------------------------------------
-- Server version	8.0.26

/*!40101 SET @OLD_CHARACTER_SET_CLIENT=@@CHARACTER_SET_CLIENT */;
/*!40101 SET @OLD_CHARACTER_SET_RESULTS=@@CHARACTER_SET_RESULTS */;
/*!40101 SET @OLD_COLLATION_CONNECTION=@@COLLATION_CONNECTION */;
/*!50503 SET NAMES utf8mb4 */;
/*!40103 SET @OLD_TIME_ZONE=@@TIME_ZONE */;
/*!40103 SET TIME_ZONE='+00:00' */;
/*!40014 SET @OLD_UNIQUE_CHECKS=@@UNIQUE_CHECKS, UNIQUE_CHECKS=0 */;
/*!40014 SET @OLD_FOREIGN_KEY_CHECKS=@@FOREIGN_KEY_CHECKS, FOREIGN_KEY_CHECKS=0 */;
/*!40101 SET @OLD_SQL_MODE=@@SQL_MODE, SQL_MODE='NO_AUTO_VALUE_ON_ZERO' */;
/*!40111 SET @OLD_SQL_NOTES=@@SQL_NOTES, SQL_NOTES=0 */;

--
-- Table structure for table `Anotacao`
--

DROP TABLE IF EXISTS `Anotacao`;
/*!40101 SET @saved_cs_client     = @@character_set_client */;
/*!50503 SET character_set_client = utf8mb4 */;
CREATE TABLE `Anotacao` (
  `idAnotacao` int NOT NULL AUTO_INCREMENT,
  `titulo` varchar(45) DEFAULT NULL,
  `dataCriacao` timestamp NOT NULL,
  `dataEdicao` timestamp NOT NULL,
  `Disciplina_idDisciplina` int NOT NULL,
  `conteudo` longtext,
  PRIMARY KEY (`idAnotacao`),
  KEY `fk_Anotacao_Disciplina1_idx` (`Disciplina_idDisciplina`),
  CONSTRAINT `fk_Anotacao_Disciplina1` FOREIGN KEY (`Disciplina_idDisciplina`) REFERENCES `Disciplina` (`idDisciplina`)
) ENGINE=InnoDB AUTO_INCREMENT=101 DEFAULT CHARSET=utf8mb4 COLLATE=utf8mb4_0900_ai_ci;
/*!40101 SET character_set_client = @saved_cs_client */;

--
-- Dumping data for table `Anotacao`
--

LOCK TABLES `Anotacao` WRITE;
/*!40000 ALTER TABLE `Anotacao` DISABLE KEYS */;
INSERT INTO `Anotacao` VALUES (1,'Capital Goods','2021-09-09 07:58:36','2021-04-22 22:05:16',89,'semper porta volutpat quam pede lobortis ligula sit amet eleifend pede libero quis orci nullam'),(2,'Energy','2021-05-27 23:31:17','2021-05-25 17:34:17',20,'donec semper sapien a libero nam dui proin leo odio porttitor id consequat in consequat ut nulla sed'),(3,'Consumer Services','2021-05-31 01:20:39','2020-10-25 03:51:38',4,'proin eu mi nulla ac enim in tempor turpis nec'),(4,'Technology','2020-11-24 16:43:06','2021-06-19 04:35:40',50,'odio justo sollicitudin ut suscipit a feugiat et eros vestibulum ac est lacinia nisi venenatis tristique fusce congue diam id'),(5,'n/a','2021-02-02 15:26:44','2020-10-16 11:39:08',80,'eget orci vehicula condimentum curabitur in libero ut massa volutpat convallis morbi odio'),(6,'Health Care','2021-04-24 02:45:50','2021-07-07 22:19:05',87,'nulla suscipit ligula in lacus curabitur at ipsum ac tellus semper'),(7,'n/a','2021-06-23 12:35:37','2021-07-09 19:02:49',67,'pellentesque quisque porta volutpat erat quisque erat eros viverra eget congue'),(8,'n/a','2020-10-06 03:23:44','2021-06-28 19:15:36',66,'nulla tempus vivamus in felis eu sapien cursus vestibulum proin'),(9,'Energy','2021-07-18 06:28:48','2020-10-06 20:16:34',57,'aliquam sit amet diam in magna bibendum imperdiet nullam orci pede venenatis'),(10,'n/a','2020-10-14 06:43:38','2020-12-27 12:36:00',85,'hac habitasse platea dictumst maecenas ut massa quis augue luctus tincidunt nulla mollis molestie lorem quisque ut erat curabitur gravida'),(11,'n/a','2021-08-09 14:45:07','2021-07-11 11:55:28',68,'hac habitasse platea dictumst etiam faucibus cursus urna ut tellus nulla ut erat id mauris vulputate'),(12,'Finance','2021-06-25 16:15:42','2021-04-11 08:24:58',28,'non velit nec nisi vulputate nonummy maecenas tincidunt lacus at velit vivamus vel nulla eget eros elementum'),(13,'Consumer Services','2021-05-04 03:44:13','2021-06-23 05:51:35',97,'nisl duis bibendum felis sed interdum venenatis turpis enim blandit mi in porttitor pede justo eu massa donec dapibus duis'),(14,'Finance','2021-07-10 02:46:06','2021-06-06 16:11:26',31,'volutpat convallis morbi odio odio elementum eu interdum eu tincidunt in leo maecenas pulvinar lobortis est'),(15,'Consumer Non-Durables','2021-08-30 10:41:09','2021-01-09 22:06:26',44,'felis donec semper sapien a libero nam dui proin leo odio porttitor'),(16,'Technology','2020-11-30 15:04:57','2020-11-11 07:09:30',18,'congue diam id ornare imperdiet sapien urna pretium nisl ut'),(17,'Finance','2021-07-19 05:00:31','2021-05-25 08:09:04',10,'sed vel enim sit amet nunc viverra dapibus nulla suscipit ligula'),(18,'Capital Goods','2020-10-06 23:54:26','2021-09-11 20:13:59',7,'amet consectetuer adipiscing elit proin interdum mauris non ligula pellentesque'),(19,'Consumer Services','2020-11-29 23:46:51','2021-01-04 08:06:48',14,'rhoncus aliquam lacus morbi quis tortor id nulla ultrices aliquet maecenas leo'),(20,'Technology','2021-05-11 05:57:10','2021-06-27 21:38:05',80,'elit ac nulla sed vel enim sit amet nunc viverra dapibus nulla suscipit ligula in lacus'),(21,'Finance','2021-01-06 18:19:42','2021-05-22 09:58:27',35,'dictumst morbi vestibulum velit id pretium iaculis diam erat fermentum justo nec condimentum neque sapien placerat'),(22,'Capital Goods','2021-03-23 18:48:55','2021-01-26 01:01:30',31,'fusce congue diam id ornare imperdiet sapien urna pretium nisl'),(23,'n/a','2020-10-24 14:38:26','2021-02-01 23:49:10',72,'eleifend quam a odio in hac habitasse platea dictumst maecenas ut massa quis augue luctus tincidunt'),(24,'Health Care','2021-03-01 14:49:56','2020-11-11 21:29:59',77,'augue a suscipit nulla elit ac nulla sed vel enim sit amet nunc viverra dapibus nulla suscipit ligula in'),(25,'n/a','2020-12-01 15:31:53','2020-09-19 13:56:52',65,'porttitor id consequat in consequat ut nulla sed accumsan felis ut at dolor quis'),(26,'Consumer Non-Durables','2021-05-10 16:34:14','2021-03-24 18:33:03',77,'praesent blandit nam nulla integer pede justo lacinia eget tincidunt eget tempus vel pede morbi porttitor lorem id'),(27,'n/a','2021-02-28 23:54:14','2021-07-22 19:05:10',56,'cras non velit nec nisi vulputate nonummy maecenas tincidunt lacus at velit'),(28,'Health Care','2021-04-22 13:37:09','2020-10-31 07:00:48',10,'venenatis lacinia aenean sit amet justo morbi ut odio cras mi pede malesuada in imperdiet et commodo vulputate justo in'),(29,'n/a','2021-06-19 19:39:53','2020-10-25 21:07:54',50,'eu magna vulputate luctus cum sociis natoque penatibus et magnis dis parturient'),(30,'Health Care','2021-02-10 01:36:02','2021-05-25 18:35:27',58,'curae nulla dapibus dolor vel est donec odio justo sollicitudin ut suscipit a feugiat et eros vestibulum ac'),(31,'Energy','2021-07-19 00:35:57','2021-07-31 03:34:18',62,'quis orci eget orci vehicula condimentum curabitur in libero ut massa volutpat convallis'),(32,'n/a','2020-11-10 12:07:58','2021-04-08 13:59:32',66,'augue a suscipit nulla elit ac nulla sed vel enim sit amet nunc viverra dapibus nulla suscipit'),(33,'n/a','2021-06-12 23:50:49','2021-01-18 09:49:50',61,'sodales sed tincidunt eu felis fusce posuere felis sed lacus morbi sem mauris laoreet ut rhoncus aliquet pulvinar sed nisl'),(34,'Finance','2021-03-31 07:56:31','2021-03-19 04:34:12',67,'nascetur ridiculus mus etiam vel augue vestibulum rutrum rutrum neque aenean auctor gravida sem'),(35,'n/a','2021-04-12 17:25:19','2021-09-03 09:28:08',40,'lorem ipsum dolor sit amet consectetuer adipiscing elit proin risus praesent lectus vestibulum quam sapien varius ut blandit non'),(36,'n/a','2021-02-11 16:35:46','2020-09-29 10:58:03',71,'morbi sem mauris laoreet ut rhoncus aliquet pulvinar sed nisl nunc'),(37,'Health Care','2021-07-12 16:52:05','2021-01-18 21:52:35',93,'volutpat dui maecenas tristique est et tempus semper est quam pharetra magna ac consequat metus sapien ut nunc vestibulum'),(38,'Health Care','2020-10-05 16:39:14','2021-07-31 06:31:54',68,'habitasse platea dictumst aliquam augue quam sollicitudin vitae consectetuer eget rutrum at lorem integer tincidunt ante vel'),(39,'Capital Goods','2021-06-04 12:07:57','2020-12-30 11:55:28',72,'donec diam neque vestibulum eget vulputate ut ultrices vel augue vestibulum ante ipsum primis'),(40,'Technology','2020-10-24 18:53:24','2021-09-06 05:25:55',45,'maecenas pulvinar lobortis est phasellus sit amet erat nulla tempus vivamus in felis eu sapien cursus vestibulum proin eu'),(41,'Consumer Services','2020-12-17 06:03:34','2021-01-12 15:46:04',57,'nec condimentum neque sapien placerat ante nulla justo aliquam quis turpis eget elit sodales'),(42,'n/a','2020-09-23 11:10:00','2021-02-01 08:22:08',43,'turpis adipiscing lorem vitae mattis nibh ligula nec sem duis aliquam convallis nunc proin at turpis a pede'),(43,'Consumer Services','2021-06-15 09:21:28','2021-04-13 16:36:58',3,'tortor quis turpis sed ante vivamus tortor duis mattis egestas metus aenean fermentum'),(44,'Consumer Services','2021-02-05 16:13:00','2021-03-21 12:23:56',55,'luctus et ultrices posuere cubilia curae mauris viverra diam vitae quam suspendisse potenti nullam porttitor lacus at'),(45,'Consumer Durables','2020-12-13 21:31:24','2021-08-16 16:14:45',84,'tellus nisi eu orci mauris lacinia sapien quis libero nullam sit amet turpis'),(46,'Finance','2021-01-11 15:21:53','2021-01-04 06:25:40',61,'lacus curabitur at ipsum ac tellus semper interdum mauris ullamcorper purus sit amet nulla quisque arcu libero rutrum ac'),(47,'Finance','2021-03-06 13:07:05','2021-08-28 15:58:07',70,'curabitur in libero ut massa volutpat convallis morbi odio odio elementum eu'),(48,'Consumer Durables','2021-05-21 22:13:58','2020-11-21 12:10:47',13,'vulputate elementum nullam varius nulla facilisi cras non velit nec nisi vulputate nonummy maecenas tincidunt lacus'),(49,'Capital Goods','2021-03-18 20:21:43','2020-12-26 14:40:36',64,'nunc purus phasellus in felis donec semper sapien a libero nam dui proin leo odio porttitor id consequat in consequat'),(50,'n/a','2020-11-19 06:54:50','2021-07-06 20:19:17',73,'pede ac diam cras pellentesque volutpat dui maecenas tristique est et tempus semper est quam'),(51,'Consumer Services','2021-05-18 18:05:13','2021-03-17 11:17:34',21,'condimentum neque sapien placerat ante nulla justo aliquam quis turpis eget elit sodales'),(52,'Health Care','2021-08-10 02:08:27','2021-03-20 22:15:46',35,'ac enim in tempor turpis nec euismod scelerisque quam turpis adipiscing lorem'),(53,'Finance','2021-08-21 02:09:03','2021-04-16 04:27:22',24,'ut blandit non interdum in ante vestibulum ante ipsum primis in faucibus orci luctus et ultrices posuere cubilia curae duis'),(54,'Finance','2021-07-21 14:13:05','2020-11-06 14:33:20',47,'lobortis ligula sit amet eleifend pede libero quis orci nullam molestie nibh in'),(55,'n/a','2021-01-01 11:03:55','2021-05-12 19:57:59',41,'elit proin risus praesent lectus vestibulum quam sapien varius ut blandit non interdum in'),(56,'Finance','2021-06-30 02:16:52','2021-03-11 00:18:17',66,'sapien sapien non mi integer ac neque duis bibendum morbi non quam nec dui luctus'),(57,'n/a','2020-11-21 19:05:15','2021-07-19 04:36:50',23,'donec dapibus duis at velit eu est congue elementum in'),(58,'Health Care','2021-01-25 14:48:15','2021-08-10 21:23:05',6,'rhoncus aliquam lacus morbi quis tortor id nulla ultrices aliquet maecenas leo odio condimentum id luctus'),(59,'Consumer Durables','2021-02-23 16:05:15','2020-10-05 19:26:25',66,'neque duis bibendum morbi non quam nec dui luctus rutrum nulla tellus in sagittis dui vel nisl'),(60,'n/a','2020-11-14 01:34:28','2020-11-16 03:39:27',52,'ipsum primis in faucibus orci luctus et ultrices posuere cubilia curae duis faucibus accumsan odio'),(61,'Technology','2020-10-27 15:38:48','2020-12-25 21:09:38',81,'aliquam sit amet diam in magna bibendum imperdiet nullam orci pede venenatis non sodales sed tincidunt eu felis fusce posuere'),(62,'n/a','2021-02-17 05:04:37','2021-02-11 23:20:02',24,'duis ac nibh fusce lacus purus aliquet at feugiat non pretium quis lectus suspendisse potenti in'),(63,'n/a','2021-08-05 04:41:34','2020-11-24 23:58:57',10,'volutpat dui maecenas tristique est et tempus semper est quam pharetra magna ac'),(64,'n/a','2020-11-06 04:45:15','2021-07-29 15:23:28',80,'eget nunc donec quis orci eget orci vehicula condimentum curabitur in libero ut massa volutpat convallis morbi odio'),(65,'n/a','2020-10-13 22:08:02','2021-02-16 01:41:52',11,'vulputate vitae nisl aenean lectus pellentesque eget nunc donec quis'),(66,'Health Care','2021-08-17 01:43:34','2021-06-20 15:29:05',89,'porttitor id consequat in consequat ut nulla sed accumsan felis ut at dolor quis odio consequat varius integer ac leo'),(67,'Miscellaneous','2021-05-16 00:32:19','2021-05-19 02:49:08',84,'et ultrices posuere cubilia curae mauris viverra diam vitae quam suspendisse potenti nullam porttitor'),(68,'Health Care','2021-06-22 15:22:19','2021-07-09 20:26:41',51,'vestibulum sed magna at nunc commodo placerat praesent blandit nam nulla integer pede justo lacinia eget tincidunt eget'),(69,'n/a','2021-01-21 17:40:53','2021-04-17 15:40:28',77,'dui luctus rutrum nulla tellus in sagittis dui vel nisl duis ac nibh fusce lacus'),(70,'n/a','2021-01-11 15:06:06','2020-10-27 20:51:29',31,'sociis natoque penatibus et magnis dis parturient montes nascetur ridiculus mus etiam'),(71,'n/a','2021-04-11 22:09:56','2020-11-13 11:07:29',73,'blandit ultrices enim lorem ipsum dolor sit amet consectetuer adipiscing elit proin interdum mauris'),(72,'n/a','2021-03-18 18:08:25','2020-09-26 04:42:19',24,'sapien dignissim vestibulum vestibulum ante ipsum primis in faucibus orci'),(73,'n/a','2021-01-16 07:46:46','2021-03-21 13:09:05',34,'posuere cubilia curae donec pharetra magna vestibulum aliquet ultrices erat tortor sollicitudin mi sit amet lobortis'),(74,'Health Care','2021-06-19 11:31:57','2021-06-02 23:51:15',70,'dolor morbi vel lectus in quam fringilla rhoncus mauris enim leo'),(75,'Capital Goods','2021-01-22 01:55:15','2020-10-28 06:38:17',27,'nulla dapibus dolor vel est donec odio justo sollicitudin ut suscipit a feugiat et'),(76,'n/a','2021-01-16 21:34:26','2021-06-19 22:18:16',65,'curae donec pharetra magna vestibulum aliquet ultrices erat tortor sollicitudin mi sit amet lobortis sapien sapien non'),(77,'n/a','2021-03-19 13:10:43','2021-04-08 17:53:43',98,'odio in hac habitasse platea dictumst maecenas ut massa quis augue luctus tincidunt nulla'),(78,'n/a','2020-12-07 05:27:38','2021-07-01 00:20:30',49,'ante vivamus tortor duis mattis egestas metus aenean fermentum donec ut mauris eget massa tempor convallis nulla neque libero'),(79,'Health Care','2020-09-13 06:35:39','2021-05-03 06:50:25',93,'suspendisse potenti nullam porttitor lacus at turpis donec posuere metus'),(80,'Finance','2020-12-11 21:07:50','2021-01-23 05:45:00',46,'sit amet justo morbi ut odio cras mi pede malesuada'),(81,'Finance','2020-09-24 12:59:07','2021-08-13 01:29:48',90,'magna vulputate luctus cum sociis natoque penatibus et magnis dis parturient montes nascetur'),(82,'n/a','2020-12-12 21:47:48','2021-04-10 04:58:29',8,'libero nullam sit amet turpis elementum ligula vehicula consequat morbi a'),(83,'Finance','2021-05-19 18:25:16','2021-04-12 21:47:09',68,'turpis a pede posuere nonummy integer non velit donec diam neque vestibulum eget'),(84,'Consumer Durables','2021-06-26 08:13:03','2021-09-08 13:32:56',55,'ultrices posuere cubilia curae donec pharetra magna vestibulum aliquet ultrices erat tortor sollicitudin mi sit amet lobortis sapien sapien'),(85,'n/a','2020-10-15 11:37:34','2020-10-03 18:07:30',92,'massa id lobortis convallis tortor risus dapibus augue vel accumsan tellus nisi eu'),(86,'Finance','2021-01-12 21:55:03','2021-08-13 19:23:27',55,'posuere cubilia curae donec pharetra magna vestibulum aliquet ultrices erat tortor sollicitudin mi sit amet lobortis sapien sapien non mi'),(87,'Finance','2021-02-14 19:40:43','2021-03-23 21:26:58',37,'ante vivamus tortor duis mattis egestas metus aenean fermentum donec ut mauris eget massa tempor'),(88,'Technology','2020-10-16 03:44:09','2021-09-05 08:51:41',34,'pede ac diam cras pellentesque volutpat dui maecenas tristique est et tempus semper est'),(89,'Public Utilities','2021-03-16 00:37:47','2021-05-23 00:06:40',14,'malesuada in imperdiet et commodo vulputate justo in blandit ultrices enim lorem ipsum dolor sit amet consectetuer adipiscing'),(90,'n/a','2021-03-25 06:57:10','2020-10-06 04:42:28',49,'morbi vel lectus in quam fringilla rhoncus mauris enim leo rhoncus sed vestibulum sit'),(91,'Consumer Services','2020-10-14 15:38:14','2020-10-04 20:35:47',45,'nulla neque libero convallis eget eleifend luctus ultricies eu nibh quisque'),(92,'Health Care','2021-08-20 21:49:08','2021-05-14 23:45:43',65,'at turpis a pede posuere nonummy integer non velit donec diam neque vestibulum eget vulputate ut ultrices vel'),(93,'Finance','2021-01-12 10:30:43','2021-07-20 04:45:29',19,'interdum eu tincidunt in leo maecenas pulvinar lobortis est phasellus sit amet erat nulla tempus vivamus in felis'),(94,'Capital Goods','2021-02-16 18:16:30','2020-11-30 17:04:08',41,'eu mi nulla ac enim in tempor turpis nec euismod scelerisque quam turpis adipiscing'),(95,'Health Care','2020-10-11 06:43:09','2020-12-05 18:34:22',91,'dictumst maecenas ut massa quis augue luctus tincidunt nulla mollis'),(96,'Technology','2020-11-16 04:54:37','2020-12-03 07:56:01',84,'elementum nullam varius nulla facilisi cras non velit nec nisi vulputate nonummy maecenas tincidunt lacus at'),(97,'Technology','2021-07-12 10:26:06','2021-01-01 06:34:38',27,'molestie sed justo pellentesque viverra pede ac diam cras pellentesque volutpat dui maecenas tristique est et tempus semper est quam'),(98,'Consumer Non-Durables','2021-05-09 00:23:40','2021-03-30 06:32:52',6,'rhoncus mauris enim leo rhoncus sed vestibulum sit amet cursus id turpis integer aliquet massa id lobortis convallis'),(99,'Finance','2020-12-16 02:45:33','2021-07-24 23:00:44',19,'platea dictumst morbi vestibulum velit id pretium iaculis diam erat fermentum justo'),(100,'Finance','2021-04-10 01:01:55','2020-11-28 03:39:47',71,'in eleifend quam a odio in hac habitasse platea dictumst maecenas ut massa quis augue luctus tincidunt nulla mollis');
/*!40000 ALTER TABLE `Anotacao` ENABLE KEYS */;
UNLOCK TABLES;

--
-- Table structure for table `Anotacao_has_Tag`
--

DROP TABLE IF EXISTS `Anotacao_has_Tag`;
/*!40101 SET @saved_cs_client     = @@character_set_client */;
/*!50503 SET character_set_client = utf8mb4 */;
CREATE TABLE `Anotacao_has_Tag` (
  `Tag_idTag` int NOT NULL,
  `Anotacao_idAnotacao` int NOT NULL,
  `idAnotacao_has_Tag` int NOT NULL AUTO_INCREMENT,
  PRIMARY KEY (`idAnotacao_has_Tag`),
  KEY `fk_Tag_has_Anotacao_Anotacao1_idx` (`Anotacao_idAnotacao`),
  KEY `fk_Tag_has_Anotacao_Tag1_idx` (`Tag_idTag`),
  CONSTRAINT `fk_Tag_has_Anotacao_Anotacao1` FOREIGN KEY (`Anotacao_idAnotacao`) REFERENCES `Anotacao` (`idAnotacao`),
  CONSTRAINT `fk_Tag_has_Anotacao_Tag1` FOREIGN KEY (`Tag_idTag`) REFERENCES `Tag` (`idTag`)
) ENGINE=InnoDB AUTO_INCREMENT=101 DEFAULT CHARSET=utf8mb4 COLLATE=utf8mb4_0900_ai_ci;
/*!40101 SET character_set_client = @saved_cs_client */;

--
-- Dumping data for table `Anotacao_has_Tag`
--

LOCK TABLES `Anotacao_has_Tag` WRITE;
/*!40000 ALTER TABLE `Anotacao_has_Tag` DISABLE KEYS */;
INSERT INTO `Anotacao_has_Tag` VALUES (90,5,1),(19,38,2),(33,19,3),(46,15,4),(99,59,5),(63,42,6),(100,57,7),(41,51,8),(23,98,9),(38,96,10),(24,57,11),(52,1,12),(31,92,13),(36,56,14),(35,81,15),(20,75,16),(69,45,17),(60,58,18),(58,100,19),(80,35,20),(17,7,21),(64,81,22),(28,2,23),(65,54,24),(60,8,25),(26,55,26),(52,24,27),(99,55,28),(41,30,29),(97,31,30),(46,7,31),(7,66,32),(52,65,33),(53,96,34),(12,6,35),(37,98,36),(27,82,37),(40,35,38),(29,8,39),(15,52,40),(91,11,41),(90,70,42),(81,1,43),(18,8,44),(9,24,45),(51,34,46),(72,100,47),(59,99,48),(72,21,49),(22,94,50),(26,36,51),(38,100,52),(7,65,53),(11,69,54),(41,87,55),(35,87,56),(21,11,57),(69,91,58),(12,8,59),(13,16,60),(73,26,61),(96,41,62),(100,31,63),(68,75,64),(79,94,65),(77,38,66),(84,92,67),(19,99,68),(9,28,69),(61,88,70),(63,42,71),(44,94,72),(28,17,73),(80,20,74),(80,27,75),(38,1,76),(53,1,77),(4,97,78),(36,25,79),(3,60,80),(66,99,81),(91,53,82),(91,59,83),(86,56,84),(1,21,85),(22,33,86),(65,33,87),(55,9,88),(76,93,89),(15,6,90),(51,11,91),(74,88,92),(12,96,93),(94,6,94),(23,93,95),(71,77,96),(34,46,97),(54,53,98),(40,18,99),(48,40,100);
/*!40000 ALTER TABLE `Anotacao_has_Tag` ENABLE KEYS */;
UNLOCK TABLES;

--
-- Table structure for table `Credencial`
--

DROP TABLE IF EXISTS `Credencial`;
/*!40101 SET @saved_cs_client     = @@character_set_client */;
/*!50503 SET character_set_client = utf8mb4 */;
CREATE TABLE `Credencial` (
  `idCredencial` int NOT NULL AUTO_INCREMENT,
  `hashSenha` varchar(255) NOT NULL,
  `email` varchar(45) NOT NULL,
  `Usuario_idUsuario` int NOT NULL,
  PRIMARY KEY (`idCredencial`,`Usuario_idUsuario`),
  KEY `fk_Credencial_Usuario1_idx` (`Usuario_idUsuario`),
  CONSTRAINT `fk_Credencial_Usuario1` FOREIGN KEY (`Usuario_idUsuario`) REFERENCES `Usuario` (`idUsuario`)
) ENGINE=InnoDB AUTO_INCREMENT=101 DEFAULT CHARSET=utf8mb4 COLLATE=utf8mb4_0900_ai_ci;
/*!40101 SET character_set_client = @saved_cs_client */;

--
-- Dumping data for table `Credencial`
--

LOCK TABLES `Credencial` WRITE;
/*!40000 ALTER TABLE `Credencial` DISABLE KEYS */;
INSERT INTO `Credencial` VALUES (1,'90acf3b57f36a7e22d4628a39bb5417282e3a628f3702fa56fef738f018c9f92','tasker0@over-blog.com',1),(2,'a9f5accd5b5fddffc99d7efd21ff6bc9c8a0ee1e1a5fe135c91b7bb3b306f25e','lwines1@spotify.com',2),(3,'4d272a6a397833fc7987722316698ad28ee36e433000fe1fbb36e6768089166b','tantoniak2@homestead.com',3),(4,'f9111f13533333b24157853616b7861b71b2d14ff6c263e61bb9bd97f575dd70','ehardey3@noaa.gov',4),(5,'8db79dc38987752467dd2aee130b07ffb897ac564ac8f9338e4f68b9f5cbebb9','ebillion4@china.com.cn',5),(6,'2c9ce427cc29983b54001d500d9ce95496edce1d0fa3a0105b96c877bc7996e8','hbreache5@ebay.co.uk',6),(7,'ebd7b5c295d9063840a08e02d5f4202748ee3e4a9460dcc76fe0fd4f8edeccb3','cpowis6@dell.com',7),(8,'83530280f9775a83a4ebac0cd09bf54e73497c0f0c06fabb207cbf1c70b43402','lmaydway7@mlb.com',8),(9,'9503e0e1bb4352f77c630ee823585257481247dc56c50be926f1bb0df596e2c3','hglazyer8@pcworld.com',9),(10,'bd6b3577316a008cd94c0d9bc24ff211b42574f81d7cd09f1e0a5dffc18d132e','cwidmore9@google.com.hk',10),(11,'5bafb9f2b3971386e6a20dfb2df8ba0f0fe18a46a7261c5e15b5f529a25138c0','jharringa@hugedomains.com',11),(12,'f8e2f9cbfce8c5363e68dc5e444da84818ead8310e1d61b9e53092c193040081','kjakolevitchb@shop-pro.jp',12),(13,'5eac179471179ee7256ff13e8e4758943d2180588c079429e055443fd153cf3c','hcaccavaric@example.com',13),(14,'cfa0785560de814c098db27e030b70bd5fa4a1403607a955cdebea04c6a49f90','gcorkishd@360.cn',14),(15,'d98978db20c21090c06115caca5b3de25e89560beb37eeb0240fed2c7863f889','lledgertone@live.com',15),(16,'67a2a6133aa3576124549bbfe2062ff9201355d76fd123b156bfeb8637c534b1','tdatef@wikipedia.org',16),(17,'efd22d816b70de28b5c950595092b0da8c0382026e44707c8423ee53a46c3618','gcardingg@mapy.cz',17),(18,'e87afc7a962abbf621848d4e831be7d2c01ec843ee03077717ae21af97c8761a','barchbellh@foxnews.com',18),(19,'1c664679fa27af273ffeab8f23042c84cefafa6dbcbaee835241718931989232','fcalli@newyorker.com',19),(20,'8165b2a222d613b9df00d7e2b5c155b1670ba13d6eacd257f1a9ff572db7afc2','estranaghanj@aboutads.info',20),(21,'c6ebab55ce031d17379c52f8f0a8bac9a4ee9c7e6b057c3833f01ff329385ad3','tcollumk@youtube.com',21),(22,'dc547d9a5f27dea1ffaabfbe128c49aeedce49d82e9af0ab9284c7b8a9cae5f3','kgrimsdelll@posterous.com',22),(23,'1e2311fcdb8816e8ebdd21ee0397739a955382639ff70d8b7c7f8ac75c5e9cd6','cpancostm@foxnews.com',23),(24,'b4e2d96a46caba44776331e26068128afa0e184246d6aa096fe9acb35a6259b8','bpargentn@fda.gov',24),(25,'62aefdfcc4d6ea6d790fbd820dc71771537c6213756a68b525f3e7747df53590','ctouzeyo@imdb.com',25),(26,'f6047e68c51eb12f889176d89ea70c2740a067e1f7919ab796dceab64d09efb5','iwitsonp@weibo.com',26),(27,'7f99fdbf8147f747a5cdebe6dc237e4329c46093393585ab421c4f96a55b65b9','ajagoeq@amazonaws.com',27),(28,'ed4ffc651498ee0c01e313a2793fcc3cf64f8def139a1788d041241225847ab5','estonierr@bravesites.com',28),(29,'c7b02ed79772bdf1085538529f6a131e71c8c442ec0d8e7469c7aa9112873917','zantrags@1688.com',29),(30,'e02cd6d3575cc7a9ab94ce6f63c8adea1f27e60117c6c62c481a82a2ce167852','ifinckent@ow.ly',30),(31,'2735845edca20a0953e4a7e69f02b51998ddc1e57fef3b56035b47a983767924','wdalzellu@photobucket.com',31),(32,'0d210391e5ae0d75e1196a605a7283fa7cf2d9c10cd066dcf1fedcd9ecfb4608','tcarltonv@dot.gov',32),(33,'4252ae20248db4dd2f9e2bfdc406769bd4b8f875ca1b51d1c28129c1ced04dde','uwodelandw@google.com.hk',33),(34,'681305d1dbb4a1e5bdeedceb9fff3984086c410e77d2a8ec321a102807037eac','lheakerx@smugmug.com',34),(35,'84b7ff08eb98fdbf930529d457ecccfdeacfda620333c60f2bf30dbc8f8abbb9','ovasilevichy@chron.com',35),(36,'91e540d145158f286df3f5021d3196f8589bc9a1c31cff2988b27ff888ba28b6','kmizenz@yandex.ru',36),(37,'c6184e9f1daddba17969dd0deb47a0a7b367e256382a193bee81386cbe97bbdf','chambright10@wordpress.com',37),(38,'696f3971600ab594491a8cd8ad07aa020b930e7219998d7576c5236b442dee4e','spennazzi11@bloglines.com',38),(39,'b79535f99dbce5741ce61d2adfe613fe56855b6c53b71f05110bc1afcd91504f','jcornelissen12@istockphoto.com',39),(40,'12784fb1ab6cdaac593f5e6a4fe7ff143ea0f2d3dbc266e3c22d39c171eb87f7','fshorbrook13@harvard.edu',40),(41,'7c14a0780187fb7feab3eb4ca38e903dfdc2f5a93f94c925fa372655ccca9406','bbow14@t-online.de',41),(42,'823047237b2d08da328a9d66afb4d7de5c27ef12fceb698b1808d104f8e7b8ee','hbluck15@e-recht24.de',42),(43,'70e797e8ed84882d8733587745bab03f666a676de38bec21ba8338cc43d320dd','dkilleley16@flavors.me',43),(44,'3b7d17c29e89c7ab9b6dee04fa84959a4d26c55a2c92fdaac3176d256a531f20','chardwidge17@aboutads.info',44),(45,'bfc46648e4e5ca8e30c0bf7ad8f80c043cdf89f3d120564276bea696167c6647','bscallon18@guardian.co.uk',45),(46,'6dabbbb81cc414360cf3c6551a70a5327c82a6268b90ac8e2c867dafc720c801','bbartholomieu19@newsvine.com',46),(47,'21fafdfa509cc485169712fb760d76ce5ec7f212eb30602f8b298ecc781856dd','adowman1a@gravatar.com',47),(48,'d6d56f8978c5824c858c6e17dc93d1ed0855425cc02669c5fe36149d4dd72251','cfraczak1b@nifty.com',48),(49,'f8282831fa049b7c826faa9511de3ba9d742671f6baa14ec54ebe77254f4429f','rserrier1c@ucla.edu',49),(50,'85ed78bf03c7ce25d570d0d06214db3cb10ad5099a12f72b0be8b9d428cf2700','pmolloy1d@census.gov',50),(51,'22cf46a37225d02f661f3e720eb6c981cebf7ab840bf3f4070beed36649835fa','gbeadnell1e@nba.com',51),(52,'e8e624eab49139bbba4bbf43fe2781539cd09a2ba974b8c1ff1a6cec0cf68870','jmarkey1f@google.cn',52),(53,'e091ff41055cb766d93d75efe01efa42172e2837c08b01bfca9cfcfac4e6a48c','tgask1g@soup.io',53),(54,'d64fb5fccbf094c11889002116fa18826cde22ec3fc4abc6565c8c8275f0c51c','csoars1h@ucsd.edu',54),(55,'593ea9e34a1f86aefa59e3c5d42295a5e65eb0aeae1c1454b17337bdacd25d2c','hbountiff1i@wired.com',55),(56,'6d6bf2bd75e676d8812a71af08a22647f92e6a2b2148680ebf24fba05cdbf86e','ppifford1j@bbb.org',56),(57,'733d60d44f0e6fb3ad0b0ad3364b642c029a3ea84fd249f03f6a21873856e8b1','wvaldes1k@eventbrite.com',57),(58,'9110aaeaa870cf147b3e4da2bc6751bd387043a732426699b6f0911089412dd1','tfoli1l@unblog.fr',58),(59,'5d3a9be32038be5c13fcb747de028e4e5b84409b31b28d7ac1ed2ad44719827c','cspriggen1m@nbcnews.com',59),(60,'eb02dba3c8111bfaebb9579c225be48b2ac2b091e4d9d4fba602ebf158a04163','leyckel1n@surveymonkey.com',60),(61,'cc651c3d6278de4884b860a1224bfd0e288c201efbedd5f89d53522ec358517b','gczajkowski1o@shareasale.com',61),(62,'07bad6fb0beadd5c2876ef9cfff5ca6a935c151a18a7688b0137f0b71b711b2e','aginman1p@cbc.ca',62),(63,'a1062cf6f8793392ced1356fd3264821db37d65241cab48c1162c98a1ad5f9f7','mdulwich1q@ed.gov',63),(64,'68c9c8fc1152beaf9a67fbc6fa8a1716b7353ab0aa4fe0e56b2b2e99a9c9af64','ggard1r@1688.com',64),(65,'bda433079a3c20678270dfa22c1f18bbb6023dd55e5f0dba434f01fd14c6fbbb','lfranzman1s@washington.edu',65),(66,'fb32e18dd8874fc030353e90ba560efe40b538e419300e00d844d8a485b4241c','kchessel1t@cyberchimps.com',66),(67,'90fd00498cfcc9e035b9bc85c0f53709fe8fc825f01bf81f601ba4003d50d212','smcminn1u@discuz.net',67),(68,'63386adb6fa21755f2f6c4246d4ce1b4cf90729e2c4c7a330e8360fd2714d822','gsharma1v@google.pl',68),(69,'08f14c4bdba36d741679a815d20683e3434286c2620ca4e31ee05cd6c2bcfd35','imurty1w@prnewswire.com',69),(70,'c324277e345343bd76c398a01be35cff835a634ee28d8b0f3cd1f54fc40a04c5','kgunning1x@4shared.com',70),(71,'2ee7c83d79c5621aef9be309d51aa6efbbe8b5d88bd2d2d9278e5763f3528fa4','kcopes1y@rediff.com',71),(72,'0d1b5ddbc62694960e7df2784e7e1fe2d230dd44cedfdcff3267bfb55b340635','glowensohn1z@squarespace.com',72),(73,'7e77717baf2f037037d48a24a47a80f05ec68c7b0ff1661b5c0b689d2bd4f175','vsibylla20@statcounter.com',73),(74,'9efa13210f9b42c182c8e60176cbd1a0e1303a02647617fbffb5ad36c7897a17','abazek21@wikispaces.com',74),(75,'7388012d2d162e054df7bbfeb9bd6f6f21e501829e96b5d4aec639b57b668df7','dwyles22@reference.com',75),(76,'50688090d561835d360284a55041829452979c0932def27106b52c2ee4493c40','rmacquire23@lycos.com',76),(77,'ec85dd1744abd5e9c1869fea073461a34d035cd3483aeb6118621414df0d9bac','swoltering24@unesco.org',77),(78,'e83d79d8b0095e3a531b55672b31496028ef70f7b83bcb145425db89dc76fe56','challibone25@jigsy.com',78),(79,'cdd574704efe1f4c4161e7b49a8e633471ac2936f04791ec7704b999ac99d264','naddess26@nytimes.com',79),(80,'8c911fa54840e5358567818bd75777d73d9c3196d57dabae10d6d0093a00495d','dochiltree27@prweb.com',80),(81,'d5881e0f5ff93181b963cdee4985a6c74b67c1daf79d069f00194f6cd89f816a','ocatenot28@bing.com',81),(82,'c420da5412e3c6d32d45ea87596c2c82b30b6aecdecd730c2683071cde65d5fe','wblick29@mtv.com',82),(83,'719e16eef3b9ae9f6819c3456b8dc1858cdc1eaf04fc0a83c1bfeb18f5a924ea','asegar2a@jalbum.net',83),(84,'b43f9ad2893be5c3a387f360154bab2fb2cfe2154729eae65021c619f2b7b70d','aroper2b@google.cn',84),(85,'38581c01e8b4f3c13a6936a583ecebfd7defb763d977d67455d50d2336d76c57','jmcclaughlin2c@weather.com',85),(86,'b2a46d9dd70e3b4ee9ad192cd6b6e9bc7ca15410750b29a3f79c0e40a9e18952','arushby2d@usnews.com',86),(87,'fd66ea3c56faf8a3a8ec1a83272cba710188e8966c73ff8168781b0608689433','rfarrah2e@so-net.ne.jp',87),(88,'4eb928a153e4b31180abf2e4f7371e7aa1fc33b231f6d048bb19a448cda81f5f','awhorall2f@census.gov',88),(89,'2ff614096132f55b7a5027e4288ccaa95b778a0e396c9f126d8db26039fd4356','ggallardo2g@scribd.com',89),(90,'a752a54c01cd124ca007203361b45f02c5ef25865ae2f2b0822a084beef3232d','rtwydell2h@mashable.com',90),(91,'4b33801da5bf16cabc203c06431e82b8214fe83307edfa59a82659d53cc685b1','acowpe2i@google.cn',91),(92,'a4b9df218e4f3c0f7340fac527f39b38c4373df467adc9f46c9865591a1aa6be','hbake2j@marketwatch.com',92),(93,'5df31de9acf7adcd9bf9ff79d4fcff12bbaaf379d51708880a0f4432a3b548c0','pholleran2k@t-online.de',93),(94,'a952fcd383be86236d2607e4c29405c97f154e31fabdfee3661e0093fae621db','tcorkel2l@columbia.edu',94),(95,'b99181ae8faf3f2b62bc7916bcf835b111c7f5a90aa705fe85a187e87e09411f','cmenelaws2m@elpais.com',95),(96,'d7656bf60cb8383ffa1407664abb19f7d7dbe779add5654150c9e8ce2a90aaea','wbubeer2n@163.com',96),(97,'4a0d078c26e0f2da5b3277ec5f230a9ef22c5332073c0fea1c9ca1459a8409cf','rshirt2o@phpbb.com',97),(98,'53356f9eb199db5883ab2451847d8c3b907e3b0198dbcb2e30d5220453df7795','ldowson2p@ed.gov',98),(99,'53f3f7ac3d5b1804ea30eb02cd8dfc698315474e64032444e440ed56f02704fa','wridler2q@nsw.gov.au',99),(100,'9dd2728c31aa0bcaa229b8563c2e22449afee809ba71368e66076877399821f8','hkynson2r@weather.com',100);
/*!40000 ALTER TABLE `Credencial` ENABLE KEYS */;
UNLOCK TABLES;

--
-- Table structure for table `Disciplina`
--

DROP TABLE IF EXISTS `Disciplina`;
/*!40101 SET @saved_cs_client     = @@character_set_client */;
/*!50503 SET character_set_client = utf8mb4 */;
CREATE TABLE `Disciplina` (
  `idDisciplina` int NOT NULL AUTO_INCREMENT,
  `nome` varchar(45) NOT NULL,
  `periodo` tinyint NOT NULL,
  `link` varchar(100) DEFAULT NULL,
  `Usuario_idUsuario` int NOT NULL,
  PRIMARY KEY (`idDisciplina`),
  KEY `fk_Disciplina_Usuario_idx` (`Usuario_idUsuario`),
  CONSTRAINT `fk_Disciplina_Usuario` FOREIGN KEY (`Usuario_idUsuario`) REFERENCES `Usuario` (`idUsuario`)
) ENGINE=InnoDB AUTO_INCREMENT=101 DEFAULT CHARSET=utf8mb4 COLLATE=utf8mb4_0900_ai_ci;
/*!40101 SET character_set_client = @saved_cs_client */;

--
-- Dumping data for table `Disciplina`
--

LOCK TABLES `Disciplina` WRITE;
/*!40000 ALTER TABLE `Disciplina` DISABLE KEYS */;
INSERT INTO `Disciplina` VALUES (1,'Computer Programming',6,'http://vk.com/sollicitudin/vitae/consectetuer/eget.xml',51),(2,'Computer Engineering',7,'https://wunderground.com/ut/dolor/morbi/vel/lectus/in.json',58),(3,'Computer Programming',4,'http://addtoany.com/sed.jsp',48),(4,'Computer Engineering',6,'http://ocn.ne.jp/nulla/sed/accumsan/felis/ut/at.xml',41),(5,'Web Development',2,'https://ibm.com/leo/rhoncus/sed/vestibulum.xml',68),(6,'Information Security',10,'http://japanpost.jp/justo/maecenas/rhoncus.json',40),(7,'Software Engineering',7,'http://facebook.com/interdum/venenatis/turpis/enim/blandit/mi/in.jsp',70),(8,'Database Administration',4,'https://sciencedaily.com/nam/dui/proin.jsp',95),(9,'Cyber Security',3,'https://edublogs.org/nulla/ac/enim.xml',30),(10,'Software Engineering',7,'https://wordpress.com/metus/vitae/ipsum/aliquam.json',85),(11,'Computer Engineering',2,'http://disqus.com/ut/erat/id.png',56),(12,'Web Development',5,'http://netvibes.com/tincidunt/in/leo.json',88),(13,'Software Engineering',8,'https://vkontakte.ru/varius/nulla.png',84),(14,'Computer Programming',11,'https://xing.com/nulla/mollis/molestie.js',12),(15,'Database Administration',7,'http://hibu.com/duis/at/velit/eu/est/congue.xml',47),(16,'Information Technology',2,'https://indiatimes.com/odio/justo/sollicitudin.js',69),(17,'Software Engineering',6,'http://jugem.jp/vel/lectus/in/quam/fringilla.xml',78),(18,'Software Engineering',5,'https://livejournal.com/pede/ac/diam.json',9),(19,'Computer Engineering',11,'http://behance.net/congue/diam/id/ornare/imperdiet/sapien/urna.js',51),(20,'Information Technology',2,'http://google.it/ante.json',68),(21,'Web Development',5,'https://theguardian.com/aenean/sit/amet.jpg',20),(22,'Cyber Security',10,'https://ow.ly/nibh/quisque.jsp',62),(23,'Web Development',2,'http://walmart.com/molestie/hendrerit/at/vulputate/vitae/nisl/aenean.jsp',71),(24,'Database Administration',11,'https://plala.or.jp/eleifend/luctus/ultricies/eu.png',84),(25,'Web Development',4,'http://home.pl/a.js',29),(26,'Database Administration',10,'http://loc.gov/suspendisse.json',65),(27,'Information Technology',8,'https://hexun.com/arcu/adipiscing.aspx',2),(28,'Cyber Security',8,'http://dedecms.com/et/ultrices/posuere.js',81),(29,'Computer Engineering',12,'http://hostgator.com/et/ultrices/posuere/cubilia/curae/donec/pharetra.jsp',83),(30,'Web Development',7,'https://mac.com/suspendisse/potenti/cras/in/purus.html',22),(31,'Software Engineering',4,'https://xinhuanet.com/justo/lacinia/eget.xml',67),(32,'Information Security',4,'http://wix.com/non/sodales/sed/tincidunt.jsp',47),(33,'Information Technology',11,'https://ucla.edu/hac/habitasse/platea/dictumst/morbi.xml',90),(34,'Information Security',12,'https://washingtonpost.com/aliquet/massa/id/lobortis/convallis.aspx',88),(35,'Cyber Security',5,'http://go.com/adipiscing/elit.jpg',48),(36,'Computer Programming',3,'https://gravatar.com/ut.aspx',29),(37,'Computer Engineering',9,'https://hao123.com/orci/mauris/lacinia/sapien/quis/libero/nullam.jsp',63),(38,'Database Administration',9,'http://topsy.com/hac/habitasse/platea/dictumst/maecenas/ut.json',63),(39,'Web Development',7,'https://abc.net.au/nunc/purus/phasellus/in.js',68),(40,'Web Development',8,'https://imgur.com/sit/amet/erat/nulla.jpg',96),(41,'Computer Engineering',1,'https://abc.net.au/quis/augue/luctus.xml',52),(42,'Computer Engineering',5,'http://ft.com/blandit.xml',83),(43,'Cyber Security',8,'http://hibu.com/tincidunt/in/leo/maecenas/pulvinar/lobortis/est.js',21),(44,'Cyber Security',3,'https://eepurl.com/ligula/pellentesque/ultrices/phasellus/id.js',54),(45,'Database Administration',8,'https://technorati.com/erat/volutpat/in/congue/etiam/justo/etiam.html',44),(46,'Information Security',11,'http://fema.gov/dui/maecenas.png',18),(47,'Computer Engineering',4,'https://auda.org.au/nisl/duis/ac/nibh/fusce/lacus.js',38),(48,'Database Administration',9,'http://cornell.edu/semper/sapien/a/libero/nam/dui.jsp',54),(49,'Computer Engineering',9,'https://wufoo.com/phasellus/id/sapien/in/sapien/iaculis.jpg',86),(50,'Information Technology',7,'http://goo.ne.jp/faucibus/cursus/urna/ut.xml',12),(51,'Software Engineering',3,'https://wikispaces.com/gravida/nisi/at/nibh/in/hac.xml',16),(52,'Cyber Security',10,'http://scribd.com/vestibulum/sed/magna.xml',25),(53,'Web Development',4,'https://scientificamerican.com/blandit/non/interdum.xml',53),(54,'Web Development',3,'http://furl.net/elementum/in/hac/habitasse/platea.html',68),(55,'Software Engineering',8,'http://army.mil/feugiat/et.jpg',12),(56,'Web Development',11,'http://samsung.com/sed/sagittis/nam/congue/risus/semper/porta.xml',10),(57,'Cyber Security',5,'http://ox.ac.uk/curabitur/at/ipsum.aspx',25),(58,'Database Administration',9,'https://illinois.edu/potenti.jsp',32),(59,'Computer Programming',10,'https://tripadvisor.com/id/mauris/vulputate/elementum/nullam/varius/nulla.json',15),(60,'Computer Engineering',4,'https://sina.com.cn/odio.xml',98),(61,'Software Engineering',7,'http://marriott.com/nisl/ut/volutpat/sapien.png',94),(62,'Information Technology',10,'http://netscape.com/quis/orci/nullam/molestie/nibh/in/lectus.jpg',83),(63,'Information Security',2,'http://i2i.jp/amet/consectetuer/adipiscing/elit/proin.xml',84),(64,'Computer Engineering',8,'http://dmoz.org/turpis/integer.json',5),(65,'Information Technology',7,'http://google.it/mauris/laoreet/ut/rhoncus/aliquet/pulvinar.aspx',77),(66,'Cyber Security',10,'https://ucoz.com/lectus/pellentesque/eget.jsp',60),(67,'Web Development',9,'http://mlb.com/ut/ultrices/vel/augue/vestibulum/ante.png',17),(68,'Software Engineering',12,'https://ft.com/pellentesque/viverra/pede/ac.jsp',2),(69,'Computer Engineering',4,'https://stanford.edu/pharetra/magna/ac.aspx',28),(70,'Software Engineering',2,'https://google.com/hendrerit/at/vulputate/vitae.png',91),(71,'Database Administration',6,'http://people.com.cn/donec/posuere.png',74),(72,'Computer Programming',3,'https://eventbrite.com/enim/leo/rhoncus.jsp',38),(73,'Computer Engineering',11,'https://reverbnation.com/nulla.png',100),(74,'Information Technology',10,'https://marriott.com/augue.aspx',77),(75,'Cyber Security',11,'https://smh.com.au/eget/vulputate/ut/ultrices/vel.png',78),(76,'Software Engineering',2,'https://smh.com.au/lectus.png',18),(77,'Database Administration',10,'http://webnode.com/mauris/laoreet/ut/rhoncus.jpg',48),(78,'Computer Programming',11,'http://ca.gov/elementum/eu/interdum/eu/tincidunt/in/leo.html',27),(79,'Computer Programming',1,'https://time.com/nec/nisi/volutpat/eleifend/donec/ut/dolor.aspx',54),(80,'Information Technology',6,'https://themeforest.net/vivamus/vestibulum/sagittis/sapien/cum/sociis.jpg',95),(81,'Web Development',10,'https://bloomberg.com/donec/vitae.jsp',57),(82,'Database Administration',5,'http://blogspot.com/donec/odio.json',90),(83,'Database Administration',12,'https://answers.com/quis/turpis.jsp',99),(84,'Computer Engineering',11,'http://free.fr/vitae/quam/suspendisse/potenti/nullam/porttitor.json',57),(85,'Database Administration',10,'http://adobe.com/curabitur/in/libero/ut/massa/volutpat/convallis.aspx',78),(86,'Cyber Security',6,'https://is.gd/vestibulum.html',42),(87,'Web Development',12,'https://ed.gov/potenti/in/eleifend.jpg',13),(88,'Information Security',4,'https://netscape.com/etiam/vel/augue/vestibulum.jsp',56),(89,'Computer Engineering',7,'http://loc.gov/vitae/consectetuer/eget/rutrum.aspx',7),(90,'Information Technology',4,'http://slashdot.org/porttitor/pede.jsp',22),(91,'Information Security',6,'https://google.nl/vitae/consectetuer.aspx',31),(92,'Cyber Security',2,'http://cyberchimps.com/felis/sed/interdum/venenatis.xml',59),(93,'Information Technology',1,'https://networksolutions.com/cum/sociis/natoque/penatibus/et/magnis/dis.aspx',100),(94,'Cyber Security',2,'http://facebook.com/odio/condimentum.jpg',16),(95,'Information Technology',12,'https://shop-pro.jp/laoreet/ut/rhoncus/aliquet/pulvinar/sed/nisl.png',23),(96,'Web Development',10,'https://github.com/donec/dapibus/duis/at/velit.jpg',43),(97,'Computer Programming',6,'https://simplemachines.org/elit/proin/interdum.xml',73),(98,'Software Engineering',5,'http://mail.ru/iaculis.xml',44),(99,'Software Engineering',9,'https://whitehouse.gov/nunc.aspx',98),(100,'Information Security',2,'http://tumblr.com/sem/duis/aliquam/convallis.jpg',97);
/*!40000 ALTER TABLE `Disciplina` ENABLE KEYS */;
UNLOCK TABLES;

--
-- Table structure for table `Horario`
--

DROP TABLE IF EXISTS `Horario`;
/*!40101 SET @saved_cs_client     = @@character_set_client */;
/*!50503 SET character_set_client = utf8mb4 */;
CREATE TABLE `Horario` (
  `dia` tinyint DEFAULT NULL,
  `inicio` time NOT NULL,
  `fim` time DEFAULT NULL,
  `idHorario` int NOT NULL AUTO_INCREMENT,
  `Disciplina_idDisciplina` int NOT NULL,
  PRIMARY KEY (`idHorario`),
  KEY `fk_Horario_Disciplina1_idx` (`Disciplina_idDisciplina`),
  CONSTRAINT `fk_Horario_Disciplina1` FOREIGN KEY (`Disciplina_idDisciplina`) REFERENCES `Disciplina` (`idDisciplina`)
) ENGINE=InnoDB AUTO_INCREMENT=101 DEFAULT CHARSET=utf8mb4 COLLATE=utf8mb4_0900_ai_ci;
/*!40101 SET character_set_client = @saved_cs_client */;

--
-- Dumping data for table `Horario`
--

LOCK TABLES `Horario` WRITE;
/*!40000 ALTER TABLE `Horario` DISABLE KEYS */;
INSERT INTO `Horario` VALUES (4,'15:31:24','07:31:18',1,69),(6,'05:38:33','09:30:46',2,2),(2,'23:20:31','07:31:59',3,31),(3,'21:10:27','10:05:33',4,75),(6,'01:33:24','16:55:04',5,84),(1,'14:38:14','02:05:53',6,89),(7,'00:33:08','14:55:20',7,90),(1,'15:54:29','20:48:24',8,80),(1,'01:05:04','23:59:00',9,65),(6,'05:28:54','02:04:25',10,79),(7,'14:26:35','18:59:31',11,84),(6,'09:24:49','05:30:49',12,78),(1,'05:28:02','20:55:53',13,51),(5,'14:43:33','14:56:26',14,37),(7,'09:51:01','07:03:57',15,47),(7,'16:59:57','18:47:39',16,87),(3,'08:54:32','12:03:05',17,43),(3,'20:51:17','13:22:23',18,21),(2,'16:49:53','12:47:05',19,69),(6,'08:37:27','11:04:46',20,28),(3,'01:31:07','06:59:16',21,52),(6,'17:23:11','17:33:17',22,44),(1,'13:54:35','18:07:43',23,96),(3,'13:14:04','09:16:32',24,31),(5,'05:07:50','00:22:06',25,27),(6,'18:39:15','20:33:56',26,7),(2,'05:50:29','15:28:17',27,77),(3,'02:20:48','04:30:22',28,75),(4,'12:16:41','19:11:37',29,42),(3,'15:52:16','06:19:00',30,33),(1,'18:06:23','13:49:02',31,42),(6,'08:07:46','05:32:48',32,99),(4,'21:58:35','01:36:57',33,63),(3,'15:35:15','18:44:10',34,4),(6,'06:30:04','18:15:07',35,6),(7,'12:59:35','08:23:01',36,49),(1,'05:37:25','03:37:39',37,98),(5,'05:36:36','12:12:43',38,27),(3,'16:37:36','20:45:49',39,36),(6,'05:20:55','02:07:58',40,67),(6,'05:19:56','05:40:16',41,46),(4,'16:18:32','14:48:54',42,38),(7,'03:29:36','10:46:00',43,71),(6,'17:27:21','11:10:52',44,64),(2,'07:45:42','04:48:33',45,16),(1,'05:53:23','15:29:29',46,12),(5,'16:57:48','22:49:48',47,88),(2,'15:51:25','15:28:35',48,80),(1,'08:11:21','00:43:51',49,37),(5,'17:12:51','10:29:39',50,96),(1,'13:00:45','19:15:34',51,46),(7,'18:06:24','21:53:01',52,62),(1,'14:16:35','15:37:18',53,4),(3,'13:32:24','16:05:21',54,41),(7,'15:01:54','03:04:49',55,9),(3,'02:58:49','22:01:07',56,23),(1,'06:06:15','17:50:34',57,96),(4,'21:25:46','06:37:08',58,54),(7,'06:48:28','02:29:55',59,41),(5,'20:07:38','06:32:19',60,4),(4,'19:35:03','22:02:28',61,22),(5,'20:27:36','00:11:10',62,7),(4,'10:01:25','13:59:16',63,77),(2,'01:40:46','13:56:04',64,37),(1,'07:47:58','16:13:53',65,14),(4,'18:29:00','03:29:37',66,13),(7,'08:51:53','11:29:27',67,21),(4,'18:34:14','03:27:11',68,61),(7,'21:57:40','03:07:02',69,13),(1,'05:56:28','00:11:23',70,4),(3,'19:44:41','22:46:06',71,24),(6,'15:35:09','11:22:18',72,40),(6,'11:56:48','23:51:05',73,18),(6,'08:21:36','04:32:22',74,20),(4,'05:53:36','05:11:30',75,66),(4,'00:45:15','10:20:29',76,52),(2,'18:23:27','07:01:39',77,82),(4,'19:20:22','06:08:19',78,33),(4,'06:27:55','02:56:19',79,40),(1,'08:57:38','19:57:48',80,87),(5,'07:23:32','06:46:47',81,36),(2,'03:00:49','13:28:31',82,1),(7,'21:02:04','00:50:01',83,15),(2,'18:03:05','08:55:10',84,78),(2,'07:04:09','16:19:02',85,43),(2,'10:51:43','16:41:37',86,99),(2,'05:51:14','07:36:09',87,24),(4,'07:23:14','19:03:32',88,46),(7,'14:11:42','02:37:43',89,24),(2,'16:04:50','04:49:32',90,4),(7,'23:52:50','04:45:24',91,75),(3,'02:12:40','17:35:22',92,61),(1,'14:01:12','18:10:02',93,72),(3,'03:31:29','21:48:33',94,43),(7,'19:39:54','01:02:14',95,36),(4,'04:30:13','03:19:01',96,82),(1,'17:16:15','18:02:53',97,6),(4,'10:51:02','21:56:51',98,95),(6,'19:27:57','15:45:14',99,63),(2,'00:01:34','14:14:48',100,57);
/*!40000 ALTER TABLE `Horario` ENABLE KEYS */;
UNLOCK TABLES;

--
-- Table structure for table `Tag`
--

DROP TABLE IF EXISTS `Tag`;
/*!40101 SET @saved_cs_client     = @@character_set_client */;
/*!50503 SET character_set_client = utf8mb4 */;
CREATE TABLE `Tag` (
  `idTag` int NOT NULL AUTO_INCREMENT,
  `nome` varchar(45) NOT NULL,
  `prioridade` int DEFAULT NULL,
  PRIMARY KEY (`idTag`)
) ENGINE=InnoDB AUTO_INCREMENT=101 DEFAULT CHARSET=utf8mb4 COLLATE=utf8mb4_0900_ai_ci;
/*!40101 SET character_set_client = @saved_cs_client */;

--
-- Dumping data for table `Tag`
--

LOCK TABLES `Tag` WRITE;
/*!40000 ALTER TABLE `Tag` DISABLE KEYS */;
INSERT INTO `Tag` VALUES (1,'Yiddish',3),(2,'French',1),(3,'Irish Gaelic',4),(4,'Georgian',6),(5,'Swedish',5),(6,'Tswana',1),(7,'Macedonian',10),(8,'Tetum',8),(9,'Bengali',9),(10,'Assamese',7),(11,'Finnish',6),(12,'Kannada',9),(13,'Catalan',3),(14,'Ndebele',3),(15,'Gagauz',1),(16,'Czech',7),(17,'Tswana',1),(18,'Tetum',6),(19,'Kashmiri',3),(20,'Hiri Motu',3),(21,'Fijian',9),(22,'Kannada',9),(23,'Montenegrin',1),(24,'Polish',3),(25,'Hebrew',1),(26,'Czech',1),(27,'Belarusian',8),(28,'Icelandic',8),(29,'Polish',4),(30,'Malagasy',8),(31,'Tok Pisin',1),(32,'Hungarian',3),(33,'Bosnian',1),(34,'New Zealand Sign Language',8),(35,'Estonian',5),(36,'Tsonga',10),(37,'Bosnian',1),(38,'Kannada',9),(39,'Bulgarian',7),(40,'French',9),(41,'Belarusian',3),(42,'Icelandic',4),(43,'Tetum',3),(44,'Kannada',2),(45,'Dutch',8),(46,'Khmer',5),(47,'Romanian',4),(48,'Fijian',9),(49,'Lithuanian',9),(50,'Bulgarian',7),(51,'Romanian',3),(52,'Italian',10),(53,'Spanish',9),(54,'French',5),(55,'Tok Pisin',5),(56,'Indonesian',3),(57,'Māori',8),(58,'Malagasy',9),(59,'West Frisian',3),(60,'Bulgarian',5),(61,'Kazakh',8),(62,'New Zealand Sign Language',10),(63,'Assamese',9),(64,'Nepali',6),(65,'Tok Pisin',4),(66,'Tswana',5),(67,'Tamil',1),(68,'Gagauz',2),(69,'Burmese',7),(70,'Tok Pisin',9),(71,'Bislama',7),(72,'Portuguese',8),(73,'Filipino',9),(74,'Croatian',6),(75,'Finnish',1),(76,'Filipino',3),(77,'Italian',9),(78,'Korean',8),(79,'Georgian',1),(80,'Romanian',2),(81,'Burmese',3),(82,'Filipino',3),(83,'Tswana',9),(84,'Bosnian',3),(85,'Norwegian',1),(86,'Macedonian',2),(87,'Bulgarian',9),(88,'Filipino',10),(89,'Tetum',9),(90,'Armenian',6),(91,'Fijian',1),(92,'Bislama',1),(93,'Greek',1),(94,'Filipino',4),(95,'English',4),(96,'Belarusian',9),(97,'Montenegrin',10),(98,'Georgian',5),(99,'Tamil',1),(100,'Greek',9);
/*!40000 ALTER TABLE `Tag` ENABLE KEYS */;
UNLOCK TABLES;

--
-- Table structure for table `Usuario`
--

DROP TABLE IF EXISTS `Usuario`;
/*!40101 SET @saved_cs_client     = @@character_set_client */;
/*!50503 SET character_set_client = utf8mb4 */;
CREATE TABLE `Usuario` (
  `idUsuario` int NOT NULL AUTO_INCREMENT,
  `nome` varchar(45) NOT NULL,
  `sobrenome` varchar(45) NOT NULL,
  PRIMARY KEY (`idUsuario`)
) ENGINE=InnoDB AUTO_INCREMENT=101 DEFAULT CHARSET=utf8mb4 COLLATE=utf8mb4_0900_ai_ci;
/*!40101 SET character_set_client = @saved_cs_client */;

--
-- Dumping data for table `Usuario`
--

LOCK TABLES `Usuario` WRITE;
/*!40000 ALTER TABLE `Usuario` DISABLE KEYS */;
INSERT INTO `Usuario` VALUES (1,'Hilton','Fontelles'),(2,'Aimee','Braunton'),(3,'Kristel','Alliot'),(4,'Bambie','Grove'),(5,'Brandice','Baseley'),(6,'Quincey','Bacchus'),(7,'Roseanne','Weblin'),(8,'Eolanda','Scones'),(9,'Martina','Sillis'),(10,'Gibbie','Ramel'),(11,'Lorine','McCaster'),(12,'Quint','Burden'),(13,'Yorgo','Keinrat'),(14,'Jean','Mangion'),(15,'Theresa','Lewing'),(16,'Culley','Hallworth'),(17,'Thorsten','Gussin'),(18,'Alano','Loughead'),(19,'Engracia','Hayers'),(20,'Maryann','Twizell'),(21,'Ed','Mussettini'),(22,'Avery','Ashingden'),(23,'Aeriel','Upshall'),(24,'Philip','Witton'),(25,'Roxanna','Kamenar'),(26,'Anallise','Dunthorn'),(27,'Tildy','Stidston'),(28,'Allene','Jewer'),(29,'Anne-marie','Ever'),(30,'Cally','Tedahl'),(31,'Gael','Shurmer'),(32,'Cobbie','Rawlin'),(33,'Lynea','Waugh'),(34,'Shelden','Fesby'),(35,'Carilyn','Pietruszka'),(36,'Ynes','Winders'),(37,'Martainn','Guyers'),(38,'Xerxes','Tomsett'),(39,'Ole','Dominichetti'),(40,'Colin','Hufton'),(41,'Craggie','Scahill'),(42,'Veronica','Gales'),(43,'Ursala','Berling'),(44,'Leigh','Beatson'),(45,'Tamas','Joplin'),(46,'Amelia','Elt'),(47,'Rikki','O\'Hallagan'),(48,'Lamont','Tame'),(49,'Lorettalorna','Abelovitz'),(50,'Mariya','Goold'),(51,'Luelle','Coleridge'),(52,'Janel','Shillum'),(53,'Clarita','Youdell'),(54,'Burg','Andor'),(55,'Evered','Nairy'),(56,'Gwen','Gommey'),(57,'Spense','Timny'),(58,'Virgie','Baseggio'),(59,'Ardyth','Allsworth'),(60,'Lorry','Blowen'),(61,'Beret','Ketts'),(62,'Storm','Davydychev'),(63,'Biddie','Schwant'),(64,'Thedrick','Ludlow'),(65,'Carce','Lennarde'),(66,'Cathe','Pretor'),(67,'Jo','Treven'),(68,'Thoma','Alcido'),(69,'Mikey','Beeching'),(70,'Konstanze','Killingbeck'),(71,'Editha','Stouther'),(72,'Albina','Jordine'),(73,'Lusa','Beaver'),(74,'Virgie','Hargrave'),(75,'Tanny','Burree'),(76,'Annis','Pinel'),(77,'Tomas','Lantuffe'),(78,'Dorry','Bastie'),(79,'Patti','Parsonage'),(80,'Richy','Bittany'),(81,'Frazier','Kesley'),(82,'Dunc','Leinweber'),(83,'Cordy','Revan'),(84,'Jerrie','Pickavant'),(85,'Noby','Couvert'),(86,'Ewell','Ravens'),(87,'Jeralee','Abele'),(88,'Carlene','Simoneau'),(89,'Ephrayim','Cowdry'),(90,'Lennard','Satchell'),(91,'Neal','Elgar'),(92,'Allen','Hudleston'),(93,'Tamera','Enderson'),(94,'Matti','Nobles'),(95,'Stanton','Doctor'),(96,'Rosella','Walding'),(97,'Martie','Ingarfield'),(98,'Theressa','Vane'),(99,'Jareb','Iacovozzo'),(100,'Mariel','Donavan');
/*!40000 ALTER TABLE `Usuario` ENABLE KEYS */;
UNLOCK TABLES;
/*!40103 SET TIME_ZONE=@OLD_TIME_ZONE */;

/*!40101 SET SQL_MODE=@OLD_SQL_MODE */;
/*!40014 SET FOREIGN_KEY_CHECKS=@OLD_FOREIGN_KEY_CHECKS */;
/*!40014 SET UNIQUE_CHECKS=@OLD_UNIQUE_CHECKS */;
/*!40101 SET CHARACTER_SET_CLIENT=@OLD_CHARACTER_SET_CLIENT */;
/*!40101 SET CHARACTER_SET_RESULTS=@OLD_CHARACTER_SET_RESULTS */;
/*!40101 SET COLLATION_CONNECTION=@OLD_COLLATION_CONNECTION */;
/*!40111 SET SQL_NOTES=@OLD_SQL_NOTES */;

-- Dump completed on 2021-09-13 23:52:15
